{"post-tag":{"tag_cloud-2":{"title":"Tags","taxonomy":"post_tag","radium_widget_class":""},"radium_newsletter-3":{"title":"Newsletter.","subscribecode":"#","placeholder":"Enter your email address...","desc":"This is a nice and simple  email newsletter widget. Yuppers.","animate":"on","radium_widget_class":""},"radium_facebook_box_widget-5":{"title":"","appid":"","page":"envato","radium_widget_class":""}},"post-category":{"radium_categories_widget-2":{"show_count":1,"title":"Categories","selected_cats":null,"radium_widget_class":""},"radium_newsletter-4":{"title":"Newsletter.","subscribecode":"#","placeholder":"Enter your email address...","desc":"This is a nice and simple  email newsletter widget. Yuppers.","animate":"on","radium_widget_class":""},"radium_facebook_box_widget-6":{"title":"","appid":"","page":"envato","radium_widget_class":""}},"sidebar-3":{"radium_post_tabs-2":{"posts":"6","comments":"6","tags":"6","show_popular_posts":"on","show_recent_posts":"on","show_comments":"on","show_tags":null,"radium_widget_class":""},"radium_widget_latest_reviews-2":{"title":"Latest Reviews","items_num":"5","radium_widget_class":""},"video_central_popular_widget-3":{"title":"Popular Videos","number":"5","radium_widget_class":""},"radium_newsletter-2":{"title":"Newsletter.","subscribecode":"#","placeholder":"Enter your email address...","desc":"This is a nice and simple  email newsletter widget. Yuppers.","animate":"on","radium_widget_class":""},"radium_facebook_box_widget-4":{"title":"","appid":"","page":"envato","radium_widget_class":""}},"sidebar-4":{"radium_buzz_widget-2":{"title":"Editors Pick","number":"8","type":"featured","categories":"all","widget_id":"6039","radium_widget_class":"featured"},"radium_ad_widget-2":{"ad_code":"<img src=\"http:\/\/cdn1.newscore.radiumthemes.com\/wp-content\/uploads\/2014\/05\/banner-160X600.jpg\" alt=\"\" height=\"600\" width=\"160\"\/>","radium_widget_class":""},"radium_categories_widget-3":{"show_count":1,"title":"All Categories","selected_cats":null,"radium_widget_class":""}},"sidebar-5":{"radium_social_fans-2":{"title":"","animate":"","radium_widget_class":""},"radium_widgets_custom_banner-2":{"supertitle":"CUSTOM IMAGE BANNER","title":"Custom Banner","subtitle":"Nec malesuada faucibus lorem, ac consectetur neque varius sed.","imgurl":"http:\/\/cdn1.newscore.radiumthemes.com\/wp-content\/uploads\/2014\/04\/5101510772_9217f23388_o-1080x641-407x242.jpg","linkurl":"#","buttontext":"Custom Button","radium_widget_class":""},"radium_ad_widget-3":{"ad_code":"<a href=\"#\" target=\"_blank\"><img src=\"http:\/\/cdn1.newscore.radiumthemes.com\/wp-content\/uploads\/2014\/05\/banner_260x125.jpg\" width=\"260\" height=\"125\" alt=\"\"><\/a><a href=\"#\" target=\"_blank\"><img src=\"http:\/\/cdn1.newscore.radiumthemes.com\/wp-content\/uploads\/2014\/05\/banner-125x125.jpg\" width=\"125\" height=\"125\" alt=\"\"><\/a><a href=\"#\" target=\"_blank\" class=\"right\"><img src=\"http:\/\/cdn1.newscore.radiumthemes.com\/wp-content\/uploads\/2014\/05\/banner-125x125.jpg\" width=\"125\" height=\"125\" alt=\"\"><\/a>\t","radium_widget_class":""},"radium_facebook_box_widget-3":{"title":"","appid":"","page":"envato","radium_widget_class":""},"radium_tweets-3":{"title":"Radium Tweets Plugin","tweetstoshow":"2","tweettext":"Follow Us","radium_widget_class":"blue"}},"sidebar-6":{"woocommerce_product_search-2":{"title":"Search Products","radium_widget_class":""},"woocommerce_price_filter-2":{"title":"Filter by price","radium_widget_class":""},"woocommerce_product_categories-2":{"title":"Product Categories","orderby":"name","dropdown":0,"count":"1","hierarchical":0,"show_children_only":0,"radium_widget_class":""},"woocommerce_recent_reviews-2":{"title":"Recent Reviews","number":"5","radium_widget_class":""}},"sidebar-7":{"video_central_search-2":{"title":"Search Videos","radium_widget_class":""},"video_central_recent_widget-2":{"title":"Recent Videos","number":"5","radium_widget_class":""},"video_central_popular_widget-4":{"title":"Popular Videos","number":"5","radium_widget_class":""}},"sidebar-8":{"text-3":{"title":"About","text":"We are a young and passionate news and development team from NY. We take pride in our work. Every feature was carefully chosen and designed to ease the way to that perfect news or magazine website.","filter":false,"radium_widget_class":""}},"sidebar-9":{"radium_widgets_custom_banner-3":{"supertitle":"CUSTOM IMAGE BANNER","title":"Custom Banner","subtitle":"Nec malesuada faucibus lorem, ac consectetur neque varius sed.","imgurl":"http:\/\/cdn1.newscore.radiumthemes.com\/wp-content\/uploads\/2014\/04\/5101510772_9217f23388_o-1080x641-407x242.jpg","linkurl":"#","buttontext":"Custom Button","radium_widget_class":""}},"sidebar-10":{"nav_menu-3":{"title":"","nav_menu":48,"radium_widget_class":""}},"sidebar-11":{"radium_newsletter-6":{"title":"Newsletter.","subscribecode":"#","placeholder":"Enter your email address...","desc":"This is a nice and simple  email newsletter widget. Yuppers.","animate":"on","radium_widget_class":""}}}